<config xmlns:xsi="http://www.w3.org/2001/XMLSchema-instance"
        xmlns="http://www.ehcache.org/v3"
        xsi:schemaLocation="http://www.ehcache.org/v3 http://www.ehcache.org/schema/ehcache-core-3.0.xsd">

    <!-- Default cache template -->
    <cache-template name="defaultCacheTemplate">
        <expiry>
            <ttl unit="seconds">600</ttl>
        </expiry>
        <resources>
            <heap unit="entries">10000</heap>
        </resources>
    </cache-template>

    <!-- Cache for ACL entries -->
    <cache alias="aclCache" uses-template="defaultCacheTemplate">
        <expiry>
            <ttl unit="seconds">600</ttl>
        </expiry>
        <resources>
            <heap unit="entries">10000</heap>
        </resources>
    </cache>

    <!-- Cache for document permissions -->
    <cache alias="documentPermissionsCache" uses-template="defaultCacheTemplate">
        <expiry>
            <ttl unit="seconds">300</ttl>
        </expiry>
        <resources>
            <heap unit="entries">10000</heap>
        </resources>
    </cache>

    <!-- Cache for document content -->
    <cache alias="documentCache" uses-template="defaultCacheTemplate">
        <expiry>
            <ttl unit="seconds">300</ttl>
        </expiry>
        <resources>
            <heap unit="entries">1000</heap>
        </resources>
    </cache>

    <!-- Cache for user details -->
    <cache alias="userCache" uses-template="defaultCacheTemplate">
        <expiry>
            <ttl unit="seconds">600</ttl>
        </expiry>
        <resources>
            <heap unit="entries">5000</heap>
        </resources>
    </cache>

</config>
